,created_at,id,text,language
0,Sun May 02 07:59:00 +0000 2021,1.388764950466863e+18,"""House of Cards"" has always hit differently üéÇ Happy 5th birthday to @BTS_twt's ""The Most Beautiful Moment In Life:‚Ä¶ https://t.co/99jv4iH4NS",en
1,Sun May 02 22:11:00 +0000 2021,1.3889793600240558e+18,POWER A Enhanced Wireless Controller for Nintendo Switch - Waluigi is up for preorder on Amazon ($49.99)‚Ä¶ https://t.co/0zchqfK9ek,en
2,Sun May 02 14:21:00 +0000 2021,1.3888610816160686e+18,"Select 1st party Switch $39.99 physical/digital sale:
Amazon https://t.co/K4ErQUfYhK
GameStop‚Ä¶ https://t.co/2VPfSEyqzv",en
3,Mon May 03 23:59:58 +0000 2021,1.3893691708575007e+18,Silicone Eye Pad for Oculus Quest 2 Face Cushion Cover Washable Anti-Leakage Light Blocking Face Cover VR Accessori‚Ä¶ https://t.co/BfwQm4wJUA,en
4,Mon May 03 23:59:52 +0000 2021,1.3893691470630953e+18,"Power Strip Surge Protector- 5 Outlets 3 USB Ports, 6Ft Flat Plug Braided Extension Cord

Only $12.99!!

Use Promo‚Ä¶ https://t.co/PV2MMxElpt",en
5,Mon May 03 23:59:46 +0000 2021,1.389369120920064e+18,RT @higginbothampub: #Authors #Bloggers #Readers It's time for a Manic #Monday #writerslift. Feel #free to #list your #books newest #reads‚Ä¶,en
6,Mon May 03 23:59:43 +0000 2021,1.389369109796868e+18,"@madtatter_s Hi! You can turn off the microphone. When this is done, Alexa won‚Äôt respond to voice commands until yo‚Ä¶ https://t.co/IT0TIIIyeY",en
7,Mon May 03 23:59:42 +0000 2021,1.3893691037947044e+18,"RT @TheOASG: [One Peace Books] Ryousen Takami &amp; Honoji's Multi-Mind Mayhem Volume 1: Isekai Tensei Soudouki pre-orders are up at
B&amp;N https:‚Ä¶",en
8,Mon May 03 23:59:37 +0000 2021,1.3893690832258376e+18,"RT @TheOASG: [Shonen Jump] Undead Unluck Volume 3 pre-orders are up at
Rightstuf https://t.co/zaO4eFFBkl
Amazon https://t.co/liKiAP1UYZ
B&amp;N‚Ä¶",en
9,Mon May 03 23:59:36 +0000 2021,1.3893690809063465e+18,@GabrielsNotes The definitive (and great!) DXP breakdown is Deng Xiaoping and the Transformation of China. A fascin‚Ä¶ https://t.co/et6nPKueDT,en
10,Mon May 03 23:59:35 +0000 2021,1.3893690736838615e+18,"Amazon's Choice
OXO 11176000 Good Grips Freezer-to-Oven Safe Glass Loaf Baking Dish, Clear
Was:$15.49
Price:$9.59 &amp;‚Ä¶ https://t.co/1S1CShgnhw",en
11,Mon May 03 23:59:30 +0000 2021,1.389369055325401e+18,"Find it here‚Äî&gt; https://t.co/hSja3uG26v
#YAFantasy #BookBoost #BookRecommendation #amreading #Read #book‚Ä¶ https://t.co/hV8Q5YVEmK",en
12,Mon May 03 23:59:24 +0000 2021,1.389369029723181e+18,"Kidde 21005779 Pro 210 #Fire #Extinguisher, ABC, 160CI, 4 lbs, 1 Pack by Kidde https://t.co/SuKTWGHpps via @amazon",en
13,Mon May 03 23:59:23 +0000 2021,1.3893690254241341e+18,"RT @FatKidDeals: 4-Piece ""Spice"" Grinder with ""Pollen"" Catcher for $14!!
*coupon on page

https://t.co/rHYf0EIXfo https://t.co/tpg5XDm0KC",en
14,Mon May 03 23:59:20 +0000 2021,1.389369012212183e+18,‚ÄúOne of the true tests of integrity is your refusal to compromise your honor at any price.‚Äù ~Frank Sonnenberg‚Ä¶ https://t.co/XVtqfrQyov,en
15,Mon May 03 23:59:16 +0000 2021,1.389368997418832e+18,All That Glitters: A Climber's Journey Through Addiction and Depression - Margo Talbot battles through some rough t‚Ä¶ https://t.co/FROBB0Hhcr,en
16,Mon May 03 23:59:16 +0000 2021,1.3893689964667617e+18,Had good leaders like me. https://t.co/ctjCF1VDxk Read Leadership by Storytelling Dr. Tom DePaoli. Avoid leaders wh‚Ä¶ https://t.co/bfSAGJnGse,en
17,Mon May 03 23:59:10 +0000 2021,1.389368970482946e+18,"RT @lindsayromantic: #Romance #Magic A SUMMER BEWITCHMENT
https://t.co/2iAbk8pPvy UK https://t.co/luZF2KpE9i 
‚ÄúI am the troll king of this‚Ä¶",en
18,Mon May 03 23:59:09 +0000 2021,1.3893689649045873e+18,RT @MrBozon: Cloak your brain-powered meat-mech humanoid body with a Shantae Game Boy Color style shirt! Sold via Amazon Prime! https://t.c‚Ä¶,en
19,Mon May 03 23:59:08 +0000 2021,1.3893689629374136e+18,"Have your favorite coffee &amp; tea in the #MAGA mug
@eileen_xo4
https://t.co/YKdw2s2ZgZ",en
20,Mon May 03 23:59:05 +0000 2021,1.389368947762475e+18,"In Stock! https://t.co/8fxsKXWOw7

*Price and stock availability are subject to change daily* Amazon UK affiliate l‚Ä¶ https://t.co/2OYVhu6rnO",en
21,Mon May 03 23:59:02 +0000 2021,1.3893689377966858e+18,"85% Off!!

Cra-Z-Art Mini Twist Up Crayons, 20 Count 

https://t.co/xAIfYeFI2H

#BwcDeals #DogeDay420‚Ä¶ https://t.co/X54VLxs0fm",en
22,Mon May 03 23:59:00 +0000 2021,1.3893689282127503e+18,"18"" Ring Light Bundle for $53.99!!

Save 46% with promo code 46RFDK421

https://t.co/ynfkE2a0di

Seller MUST be Moo‚Ä¶ https://t.co/k12naz4EF9",en
23,Mon May 03 23:58:53 +0000 2021,1.3893688999682417e+18,@Bandarx10x Thanks for that information. You can learn more here: https://t.co/4ciNnpY0ru. -Tenisha,en
24,Mon May 03 23:58:49 +0000 2021,1.3893688832958833e+18,"RT @telugufilmnagar: Have you watched #Powerstar #PawanKalyan's #VakeelSaabOnPrime yet ?

ICYMI ‚ñ∂Ô∏è https://t.co/vInwCKHXEK

@PrimeVideoIN
@‚Ä¶",en
25,Mon May 03 23:58:47 +0000 2021,1.3893688758888202e+18,RT @products_hot: Just saw this on Amazon: Topmelon Women's Bustier Corset Sexy Girdle Waist Cincher with Garter Belt by TOPMELON for $21.9‚Ä¶,en
26,Mon May 03 23:58:41 +0000 2021,1.3893688483616563e+18,"Remote Control Cars | RC Car Toys 4WD Stunt Car 360¬∞ Rotating Toy CRADREAM 2.4GHz
#offers #deals #Amazon

Clip a ex‚Ä¶ https://t.co/iBQYZqgncU",en
27,Mon May 03 23:58:41 +0000 2021,1.3893688480428974e+18,"RT @jnovelclub: [PRE-ORDER] ""The Great Cleric"" Vol. 3 eBook - June 28

JNC: https://t.co/dwfaI1P5Zp
BOOK WALKER: https://t.co/Bai6TmLKCw
No‚Ä¶",en
28,Mon May 03 23:58:38 +0000 2021,1.3893688378255196e+18,"RT @OkroguLes: Just saw this on Amazon: The Pirate (Bloodlands collection) by Schechter, Harold for $1.99 https://t.co/MCtbhAhwcX via @amaz‚Ä¶",en
29,Mon May 03 23:58:38 +0000 2021,1.3893688373557084e+18,*\(^o^)/*Check out this Amazon deal: [New Release]DKnight Magicbox II Bluetooth 4.... by DKnight https://t.co/Pfwe0UQ4Ew amazon„Åï„Çì„Åã„Çâ,en
30,Mon May 03 23:58:35 +0000 2021,1.3893688247477248e+18,"Starfinder Adventure Path: Waking the Worldseed

11% off and part of the big buy one get one half off book sale.‚Ä¶ https://t.co/aECzHGgM9l",en
31,Mon May 03 23:58:32 +0000 2021,1.3893688121187123e+18,"@TylerHarris_216 Thanks for reaching out with your feedback! We accept a variety of payment options, including cred‚Ä¶ https://t.co/6CwMfhNBAn",en
32,Mon May 03 23:58:24 +0000 2021,1.3893687767565353e+18,"RT @OkroguLes: Just saw this on Amazon: Enemy of the People: The Untold Story of the Journalists Who Opposed Hitler by Petty, Terrence for‚Ä¶",en
33,Mon May 03 23:58:22 +0000 2021,1.3893687708130386e+18,"@preterniadotcom @TXHophead üë∫ ""Tusken Raider"" 13"" Statue by Kotobukiya üëâ https://t.co/dDuPavbudz
Hurry! Only 4 LEFT!",en
34,Mon May 03 23:58:22 +0000 2021,1.3893687676002304e+18,https://t.co/CFTfsiwKYX,en
35,Mon May 03 23:58:19 +0000 2021,1.389368755571024e+18,RT @Wario64: A Die Hard Christmas Gift Set hardcover book with John McClane plush is $9.99 on Amazon https://t.co/jK4emq8Tus #ad https://t.‚Ä¶,en
36,Mon May 03 23:58:19 +0000 2021,1.3893687552186532e+18,"Capitalize on the Negative Overreaction Towards #ViacomCBS $VIAC 

$DISCA $NFLX $DIS $AAPL $FOXA $CMCSA $T $VZ‚Ä¶ https://t.co/XsZ3sjDM3O",en
37,Mon May 03 23:58:18 +0000 2021,1.3893687541825782e+18,"DONT MISS THIS DEAL 

Massage Gun Deep Tissue Percussion Body Massager for Muscles Handheld Therapy and Relaxation,‚Ä¶ https://t.co/TmBMAosBmP",en
38,Mon May 03 23:58:18 +0000 2021,1.3893687541786092e+18,"Star Wars Battlefront II price just Dropped Big TIME!

‚ñ∫https://t.co/GZlsmLVmW8

#starwars #mandalorian https://t.co/0G3cI0VQ5s",en
39,Mon May 03 23:58:17 +0000 2021,1.3893687495355146e+18,"RT @URDailyHistory: 3 May 1915: Canadian Lieutenant #Colonel, MD John #McCrae writes the poem ""In Flanders Fields"". He wrote the #poem in t‚Ä¶",en
40,Mon May 03 23:58:15 +0000 2021,1.3893687390496522e+18,"2 pack of LED RGB Flood Lights, $22.49!

*Coupon PLUS Save 30% with promo code 30TKHBLS 

https://t.co/N6Z0cSzgwJ https://t.co/yInpb1iiqH",en
41,Mon May 03 23:58:13 +0000 2021,1.3893687315125412e+18,"What makes a place, ""Haunted""?
Award winning book by Kitty Janusz 
Now on Amazon &amp; Kindle
https://t.co/okPuCHFlyP https://t.co/zucvgtMiB7",en
42,Sun May 02 07:59:00 +0000 2021,1.388764950466863e+18,"""House of Cards"" has always hit differently üéÇ Happy 5th birthday to @BTS_twt's ""The Most Beautiful Moment In Life:‚Ä¶ https://t.co/99jv4iH4NS",en
43,Sun May 02 22:11:00 +0000 2021,1.3889793600240558e+18,POWER A Enhanced Wireless Controller for Nintendo Switch - Waluigi is up for preorder on Amazon ($49.99)‚Ä¶ https://t.co/0zchqfK9ek,en
44,Sun May 02 14:21:00 +0000 2021,1.3888610816160686e+18,"Select 1st party Switch $39.99 physical/digital sale:
Amazon https://t.co/K4ErQUfYhK
GameStop‚Ä¶ https://t.co/2VPfSEyqzv",en
45,Sun May 02 23:59:59 +0000 2021,1.3890067863306035e+18,"RT @AmazonMusicUK: ""House of Cards"" has always hit differently üéÇ Happy 5th birthday to @BTS_twt's ""The Most Beautiful Moment In Life: Young‚Ä¶",en
46,Sun May 02 23:59:58 +0000 2021,1.3890067851560264e+18,"RT @kinpri_castle: ‚úÖ King &amp; Prince Êñ∞CMÂïÜÂìÅ

üéÆ‰∫àÁ¥ÑÂèó‰ªò‰∏≠
„Äé„Éü„Éº„Éà„Éî„Ç¢„Äè
‚ñºAmazon
https://t.co/SbE6d6ZmcT
‚ñºÊ•ΩÂ§©
https://t.co/04vBFwFQmL
‚ñº7net
https://t.co/aJ9‚Ä¶",en
47,Sun May 02 23:59:53 +0000 2021,1.3890067617853972e+18,"RT @JoeVizanko: FREEFORMED HYBRIDS

‚ÄúAn interesting sci-fi take on the origins of humanity, a fairly original storyline‚Äù

by @JoeVizanko

h‚Ä¶",en
48,Sun May 02 23:59:52 +0000 2021,1.3890067589039596e+18,"RT @BernardJanWorld: RT ‚ù§ What if Alien is right? Aren‚Äôt those eyes the source of all his troubles and injuries, both those visible to the‚Ä¶",en
49,Sun May 02 23:59:51 +0000 2021,1.3890067559679508e+18,"RT @Annie_Acorn: MY NEWEST Luna Lake Cabins entry ‚Äì standalone, full-length novel A Second Kiss for Christmas https://t.co/PIg9RPtDOr Can a‚Ä¶",en
50,Sun May 02 23:59:47 +0000 2021,1.3890067371565466e+18,"A product in my #kit: ""Gaming"" 
About this item
 More Information:
https://t.co/zGafigUH2x
#gigabyte #asus #intel‚Ä¶ https://t.co/be2ao1fPkW",en
51,Sun May 02 23:59:47 +0000 2021,1.3890067360367124e+18,"Wish you a happy #MothersDay 
@RebelNurse76
https://t.co/qYuBZuygEb",en
52,Sun May 02 23:59:45 +0000 2021,1.3890067284868506e+18,"$TSLA Watching closely for a breakout from this wedge. A break to the upside can bring 762, 779, 800. A break under‚Ä¶ https://t.co/nOsARDdo82",en
53,Sun May 02 23:59:44 +0000 2021,1.389006726020563e+18,RT @LJDare1: @LJDare1 Wishing you Days of sunshine-Book 1-The King‚Äôs Blade https://t.co/sULVUbjkWK  Book 2-The King‚Äôs Spy https://t.co/Z5dK‚Ä¶,en
54,Sun May 02 23:59:35 +0000 2021,1.389006689567916e+18,Highland Warrior by @HMcCollumAuthor is #LIVE! https://t.co/pbue52k4ki @entangledpub #SonsofSinclair‚Ä¶ https://t.co/MlgnF1Y1E6,en
55,Sun May 02 23:59:33 +0000 2021,1.389006680583676e+18,RT @wynta_tyme: üó£Surprise Shawty! I‚Äôm liveü•∞üòÇ click the link below to indulge in my latest romance suspense read. Happy Release Day to me‚ú®üéâü•≥‚Ä¶,en
56,Sun May 02 23:59:33 +0000 2021,1.389006678843089e+18,"RT @FatKidDeals: 4 pack of Shower Caps, $21.61!

Save 6% with promo code 06XFPHKG

https://t.co/EF1uGL2SqQ https://t.co/B9xUUeAjUl",en
57,Sun May 02 23:59:30 +0000 2021,1.3890066685502587e+18,Frosted Flakes Watch Charger Magnetic Charging Cable for iWatch Portable Wireless Charging Cord Compatible with App‚Ä¶ https://t.co/zc9SrDRMUB,en
58,Sun May 02 23:59:28 +0000 2021,1.3890066593605263e+18,"@jdem_7 We understand your concern. Some items may get shipped separately. To clarify, have we missed the delivery‚Ä¶ https://t.co/yrm8Mrejiq",en
59,Sun May 02 23:59:28 +0000 2021,1.389006658421072e+18,"RT @Nintendeal: Miitopia (Switch) is $0.11 off on Amazon: https://t.co/dW40CD1uA1 #ad $49.88 releases May 21

You're welcome. https://t.co/‚Ä¶",en
60,Sun May 02 23:59:25 +0000 2021,1.3890066442526638e+18,"Fortnite Concept Art

Gear up here ==&gt;https://t.co/9jQsNaFUqP

#fortnite #gameart https://t.co/MrQ8ebQyd7",en
61,Sun May 02 23:59:22 +0000 2021,1.3890066313802957e+18,"RT @visualenglish7: „ÄêËã±Ê§úÔºëÁ¥ö„Éï„É¨„Éº„Ç∫‚ùóÔ∏è„Äë

get an epiphany
(„Åã„Å§„Å¶„ÅÆÂèã‰∫∫)

Ëã±Ê§úÔºëÁ¥ö„É¨„Éô„É´„ÅÆÂÖ•ÈñÄÂçòË™ûÂ∏≥‚ÜôÔ∏é
https://t.co/ff9ciD0u52 https://t.co/kAM9Hgu715",en
62,Sun May 02 23:59:13 +0000 2021,1.38900659742754e+18,"‚ÄúSuccess is a journey, not a destination.‚Äù ~ Frank Sonnenberg https://t.co/h3J2B9gd7O #BookSmart",en
63,Sun May 02 23:59:12 +0000 2021,1.3890065895965532e+18,"RT @heyxxcutie: Look at the size of this monster dildo... it felt so good! Loved every inch of it. New video on my onlyfans 
https://t.co/p‚Ä¶",en
64,Sun May 02 23:59:07 +0000 2021,1.3890065703783875e+18,Now Playing! Money Talks by #ACDC Listen Live at https://t.co/KgDuz5xICO Buy this song here :‚Ä¶ https://t.co/e7MbWuWEzm,en
65,Sun May 02 23:59:06 +0000 2021,1.3890065669306614e+18,"RT @StealsandDeals: ad: Funko Pop! Disney: Cruella

Cruella in Black Dress https://t.co/j3VM2MoSbb

Cruella in Red Dress https://t.co/rTMWw‚Ä¶",en
66,Sun May 02 23:59:04 +0000 2021,1.3890065567971e+18,"RT @FatKidDeals: ‚ö°Lightning Deal ‚ö°

Bread Slippers for $19.54, 15% off!

https://t.co/aSyGxhNIYx https://t.co/lSs8UPk6GA",en
67,Sun May 02 23:59:02 +0000 2021,1.3890065473811005e+18,@ThiccZelda @ArmedHippyhodl2 @SammiSueWinters I completely understand local restrictions. I don't shotguns are bad‚Ä¶ https://t.co/y24ieXMpXT,en
68,Sun May 02 23:59:01 +0000 2021,1.38900654616465e+18,"RT @FatKidDeals: ‚ö°Lightning Deal ‚ö°

Bread Slippers for $19.54, 15% off!

https://t.co/aSyGxhNIYx https://t.co/lSs8UPk6GA",en
69,Sun May 02 23:59:01 +0000 2021,1.3890065450658488e+18,"RT @Nintendeal: Monster Hunter Chibi Plush pre-orders

Amazon: https://t.co/s5iTGrQyAY #ad $34.99
Play-Asia: https://t.co/KU7Qymonxi $22.79‚Ä¶",en
70,Sun May 02 23:59:00 +0000 2021,1.389006540535894e+18,"STEAL!!

2 pack of LED Video/Photo Lighting Kit, $22.43!!

Save 56% with promo code 56FDUL421‚Ä¶ https://t.co/0YWL2wBPXz",en
71,Sun May 02 23:58:55 +0000 2021,1.3890065197154345e+18,"RT @AnastaxiaDomina: My Mexican slaves!
Goddess needs cheering up 

https://t.co/ThG4kztAKu https://t.co/IxqVuQSxQD",en
72,Sun May 02 23:58:55 +0000 2021,1.3890065186624922e+18,"Amazon„Å´„Å¶airpods max „Ç∑„É´„Éê„Éº„ÅåË≤©Â£≤‰∏≠„Åß„Åôü¶ä
ÂïÜÂìÅ„Éö„Éº„Ç∏Ôºöhttps://t.co/AuS3ErW2sh
Monitored at:(08:58:55)",en
73,Sun May 02 23:58:53 +0000 2021,1.3890065120734167e+18,RT @OriginalFunko: RT &amp; follow @OriginalFunko for the chance to WIN this Amazon exclusive Art Series Bambi Pop! Not feeling lucky? Pre-orde‚Ä¶,en
74,Sun May 02 23:58:53 +0000 2021,1.3890065098504397e+18,"RT @Nintendeal: Super Mario Odyssey (Switch) physical and digital releases are both $39.99 right now

Amazon: https://t.co/sinJJ38pJc
GameS‚Ä¶",en
75,Sun May 02 23:58:49 +0000 2021,1.3890064932283392e+18,"@DivineOps if you don't have an ice maker
https://t.co/5du7PNCDhf",en
76,Sun May 02 23:58:47 +0000 2021,1.389006486236541e+18,Lightning Offer BAGAIL Microfiber Towel Perfect Sports &amp; Travel &amp; Beach Towel. Fast Drying At only 7.64$ instead of‚Ä¶ https://t.co/nh5DYWHAOg,en
77,Sun May 02 23:58:41 +0000 2021,1.3890064628574904e+18,RT @URDailyHistory: 2 May 1536: England's King Henry VIII has his former wife Anne #Boleyn arrested for high #treason. She is sent to the T‚Ä¶,en
78,Thu Apr 29 19:00:02 +0000 2021,1.387844140403204e+18,"The truth won't suffice, he will have to fight for it!

Meet #VakeelSaabOnPrime now: https://t.co/N3YOfvkBDd‚Ä¶ https://t.co/nOc40hYOTn",en
79,Sat May 01 23:59:55 +0000 2021,1.3886443837974856e+18,RT @Wario64: Animal Crossing: New Horizons - Timmy &amp; Tommy - Nintendo Switch Lite Skin is $4.16 on Amazon https://t.co/JFLW9YusCw #ad https‚Ä¶,en
80,Sat May 01 23:59:55 +0000 2021,1.3886443833612206e+18,"Check out this book: ""A Very Dangerous Woman: The Lives, Loves and Lies of Russia's Most Seductive Spy"" by Deborah‚Ä¶ https://t.co/5yPbXKxTcX",en
81,Sat May 01 23:59:55 +0000 2021,1.3886443831011615e+18,"@EloualiSabrine Infinite Wisdom 
https://t.co/adBjjZivsw
Infinite Wisdom  II
https://t.co/LqJt0RmXZe
The Fight With‚Ä¶ https://t.co/IbeTCCfaKp",en
82,Sat May 01 23:59:53 +0000 2021,1.3886443772753797e+18,"Liberty and Justice for All T-Shirt
BUY HEREüëâhttps://t.co/Yk1BSmqJtY
#BlackLivesMatter  #BlackTwitter https://t.co/oThzMPyR5I",en
83,Sat May 01 23:59:52 +0000 2021,1.3886443725399736e+18,RT @Wario64: Destroy All Humans! DNA Collector's Edition (PC) is $39.99 on Amazon (MSRP $149.99) https://t.co/SUFJWvR5Mr #ad https://t.co/U‚Ä¶,en
84,Sat May 01 23:59:48 +0000 2021,1.3886443545631334e+18,"@RoseBlack2222 Infinite Wisdom 
https://t.co/adBjjZivsw
Infinite Wisdom  II
https://t.co/LqJt0RmXZe
The Fight Within
https://t.co/d2IqjLrQT4",en
85,Sat May 01 23:59:46 +0000 2021,1.3886443441402716e+18,"RT @FatKidDeals: 18"" Ring Light Bundle for $53.99!!

Save 46% with promo code 46RFDK421

https://t.co/ynfkE2a0di   

Seller MUST be MoonLak‚Ä¶",en
86,Sat May 01 23:59:43 +0000 2021,1.388644334191485e+18,@bandboidretoven Thank you for clarifying! Please try these troubleshooting steps and let us know if the issue cont‚Ä¶ https://t.co/TGi6ok7sM3,en
87,Sat May 01 23:59:41 +0000 2021,1.3886443245821706e+18,"RT @meggh2020: #FREEreadKU
""Was having stressful day but this book is guaranteed to leave you chilled with a smile on your face"" Review
AFT‚Ä¶",en
88,Sat May 01 23:59:40 +0000 2021,1.3886443226570465e+18,"@IsabelaKnightly Infinite Wisdom 
https://t.co/adBjjZivsw
Infinite Wisdom  II
https://t.co/LqJt0RmXZe
The Fight Wit‚Ä¶ https://t.co/y7C4Hd8W1J",en
89,Sat May 01 23:59:34 +0000 2021,1.3886442966984376e+18,"„ÄêNAT-TEST 4 Official Text-book„Äë
„ÄéÊó•Êú¨Ë™ûNAT-TEST 4Á¥ö ÂÖ¨ÂºèÂïèÈ°åÈõÜ„Äè
https://t.co/5VRFEwAf1Y",en
90,Sat May 01 23:59:26 +0000 2021,1.3886442631187948e+18,"RT @meggh2020: #FREEreadKU
""A very well written, entertaining story, I have not laughed so much in a long time"" (Review)
AFTER THE CALENDAR‚Ä¶",en
91,Sat May 01 23:59:26 +0000 2021,1.3886442600529306e+18,NOW in Audio! How to Survive a 203K Mortgage written by @Annie_Acorn and narrated by Rebecca Ortiz @radiobecChicago‚Ä¶ https://t.co/uUxbsA5dy5,en
92,Sat May 01 23:59:25 +0000 2021,1.388644259453096e+18,"*SALE*
Just A Regular Mom Trying Not To Raise Republicans T-Shirt
BUY HEREüëâhttps://t.co/SBp2jhmDd1
#TruthMatters https://t.co/nC9qXLKsYA",en
93,Sat May 01 23:59:23 +0000 2021,1.3886442483004375e+18,I wasn't involved in writing 'Raging Storm' It's my wife's book and awesome https://t.co/KU9Q5dD9fL,en
94,Sat May 01 23:59:22 +0000 2021,1.3886442466729984e+18,"#MagicTouch üíì #BeatingHearts 
#„Ç∑„É•„Éº„Ç§„ÉÅ ÊúÄÈ´ò„ÇÑ„Å£„Åü„Å≠„Éºü•∫üíì

#kingandprince 
#Â≤∏ÂÑ™Â§™ #Á•ûÂÆÆÂØ∫ÂãáÂ§™ 
#È´ôÊ©ãÊµ∑Êñó #Âπ≥ÈáéÁ¥´ËÄÄ 
#Ê∞∏ÁÄ¨Âªâ King &amp; Prince

Amazo‚Ä¶ https://t.co/Wmv7uIH0oP",en
95,Sat May 01 23:59:22 +0000 2021,1.3886442446052598e+18,‚ÄúSome people set the bar so low you can trip over it.‚Äù ~ Frank Sonnenberg https://t.co/h3J2B9gd7O #BookSmart,en
96,Sat May 01 23:59:20 +0000 2021,1.3886442361537372e+18,"@ritarubin9 Infinite Wisdom 
https://t.co/adBjjZivsw
Infinite Wisdom  II
https://t.co/LqJt0RmXZe
The Fight Within
https://t.co/d2IqjLrQT4",en
97,Sat May 01 23:59:14 +0000 2021,1.388644212787368e+18,"@FBlogpreneur Infinite Wisdom 
https://t.co/adBjjZivsw
Infinite Wisdom  II
https://t.co/LqJt0RmXZe
The Fight Within
https://t.co/d2IqjLrQT4",en
98,Sat May 01 23:59:13 +0000 2021,1.3886442074856202e+18,"RT @DiscussingFilm: Pre-order the latest wave of #AvatarTheLastAirbender Pop Vinyls for your collection!

Suki: https://t.co/vOCOR6vTGE

Ty‚Ä¶",en
99,Sat May 01 23:59:12 +0000 2021,1.3886442047929098e+18,"RT @amazonmusic: .@ThomasRhett is back with his latest album, ""Country Again Side A"". A representation of a life lived in recent years. ü§†‚Ä¶",en
100,Sat May 01 23:59:10 +0000 2021,1.3886441934012498e+18,Social Distancing - Self-Isolated  - Stressed ??? Learn how to relax with this book ‚Ä¶Stress is harmful to your Heal‚Ä¶ https://t.co/77PSxRjNWc,en
101,Sat May 01 23:59:07 +0000 2021,1.3886441834607534e+18,Now Playing! I'm Every Woman by #ChakaKhan Listen Live at https://t.co/KgDuz5xICO Buy this song here :‚Ä¶ https://t.co/3FnsxTnnz5,en
102,Sat May 01 23:59:02 +0000 2021,1.3886441603207741e+18,"@mymindoesntstop Infinite Wisdom 
https://t.co/adBjjZivsw
Infinite Wisdom  II
https://t.co/LqJt0RmXZe
The Fight Wit‚Ä¶ https://t.co/FEDZsJ4KR1",en
103,Sat May 01 23:59:00 +0000 2021,1.3886441531526513e+18,"18"" Ring Light Bundle for $53.99!!

Save 46% with promo code 46RFDK421

https://t.co/ynfkE2a0di   

Seller MUST be‚Ä¶ https://t.co/QKmA9baOcN",en
104,Sat May 01 23:58:54 +0000 2021,1.3886441292199526e+18,Need to escape from a CoVid world? Try A Second Kiss for Christmas https://t.co/Eugipxlmu3 by our @Annie_Acorn ‚Äì st‚Ä¶ https://t.co/GwkkhX1Ibj,en
105,Sat May 01 23:58:53 +0000 2021,1.3886441243253023e+18,"@AsthanaAuthor Infinite Wisdom 
https://t.co/adBjjZivsw
Infinite Wisdom  II
https://t.co/LqJt0RmXZe
The Fight Within
https://t.co/d2IqjLrQT4",en
106,Sat May 01 23:58:53 +0000 2021,1.388644123964416e+18,RT @AAPublishingLLC: NOW in Audio! A Christmas Eve in Captain‚Äôs Point written by @CharlotteKent20 and narrated by @lisaleslievoice https://‚Ä¶,en
107,Sat May 01 23:58:47 +0000 2021,1.3886440976200704e+18,"Racism Is A Public Health Crisis T-Shirt
BUY HEREüëâhttps://t.co/QcVTTwkrHy https://t.co/6nm3axdvcj",en
108,Sat May 01 23:58:45 +0000 2021,1.3886440919914127e+18,"@PancakeAuthor Infinite Wisdom 
https://t.co/adBjjZivsw
Infinite Wisdom  II
https://t.co/LqJt0RmXZe
The Fight Within
https://t.co/d2IqjLrQT4",en
109,Sat May 01 23:58:45 +0000 2021,1.3886440893111583e+18,"Source:https://t.co/Bh2C79Wk9k Check out this Product made for Sports like #Basketball,#Football, and #Boxing ‚Ä¶ the‚Ä¶ https://t.co/U9s3qUtXtA",en
110,Sat May 01 23:58:44 +0000 2021,1.388644087054672e+18,".@ThomasRhett is back with his latest album, ""Country Again Side A"". A representation of a life lived in recent yea‚Ä¶ https://t.co/2pt2zeOMJX",en
111,Sat May 01 23:58:37 +0000 2021,1.3886440567171645e+18,@WarlusTrades Why would you buy $NFLX instead of $FB or $AMZN or $GOOG? This doesn't make any sense.,en
112,Sat May 01 23:58:33 +0000 2021,1.3886440393570427e+18,"@laliaristo Infinite Wisdom 
https://t.co/adBjjZivsw
Infinite Wisdom  II
https://t.co/LqJt0RmXZe
The Fight Within
https://t.co/d2IqjLrQT4",en
113,Sat May 01 23:58:30 +0000 2021,1.3886440255492628e+18,@LetsPlayPreK @amazon My lowest cost items are for Summer school...colored chalk (1.45) 19 left :) All items will g‚Ä¶ https://t.co/OARhHMJbKM,en
114,Thu Apr 29 19:00:02 +0000 2021,1.387844140403204e+18,"The truth won't suffice, he will have to fight for it!

Meet #VakeelSaabOnPrime now: https://t.co/N3YOfvkBDd‚Ä¶ https://t.co/nOc40hYOTn",en
115,Fri Apr 30 23:59:53 +0000 2021,1.3882819858655928e+18,RT @bernardfoong: A Harem Boy‚Äôs Saga; a memoir by Young (a 5-book series)  https://t.co/eP1KBF0BxI is a sensually captivating true story ab‚Ä¶,en
116,Fri Apr 30 23:59:52 +0000 2021,1.3882819825058652e+18,"RT @AuthorTirrell: On February 14, 1241, a dark horde destroyed the city of Sandomierz, Poland. A sole survivor manages to escape, ladened‚Ä¶",en
117,Fri Apr 30 23:59:52 +0000 2021,1.388281982254203e+18,"RT @BandaiAmerica: You can now pre-order Digimon X, the ultimate Digimon device! With 107 new Digimon to train and battle, new facial expre‚Ä¶",en
118,Fri Apr 30 23:59:51 +0000 2021,1.3882819796368302e+18,@S_B_Hammock No place is as intimate as where you confess your sins. A former nun and a lawyer turned priest strugg‚Ä¶ https://t.co/vRlPFtNz99,en
119,Fri Apr 30 23:59:42 +0000 2021,1.3882819420853084e+18,"RT @masonmalonecom: A coming of age story.

Four high school friends and a songwriter contest.

LA is another world.  Hollywood, celebritie‚Ä¶",en
120,Fri Apr 30 23:59:40 +0000 2021,1.3882819321868902e+18,"RT @papriddey: Josh Sheppard and the Island of Death
New release 
https://t.co/EIl4VTpoEG
https://t.co/PRIeZxNCkN
#Fantasy
#bookboost
#Auth‚Ä¶",en
121,Fri Apr 30 23:59:36 +0000 2021,1.388281916370137e+18,"RT @WhatTheDadSaid: [AD-GIFTED] Time for #WinItWednesday!

* Follow @whatthedadsaid and RT to win Guardians of the Galaxy Vol. 2 DVD https:‚Ä¶",en
122,Fri Apr 30 23:59:36 +0000 2021,1.3882819154892227e+18,RT @BeeCallaway: @wipehandsclean @_krisveitch Found it on Amazon  https://t.co/DfEZXif2Yj,en
123,Fri Apr 30 23:59:30 +0000 2021,1.3882818904995963e+18,"Amazon (uk): Stock changed from ""In stock."" to ""Available from these sellers."" at 01:59:30.150+02:00‚Ä¶ https://t.co/OfIzUESwS5",en
124,Fri Apr 30 23:59:28 +0000 2021,1.3882818807771996e+18,"Source:https://t.co/3kc8IDGcpS , Perfect Doll for a young Afro-American girl ‚Ä¶ Dolls that looks like US #ikuzidolls‚Ä¶ https://t.co/7PCZcg2Tpt",en
125,Fri Apr 30 23:59:24 +0000 2021,1.3882818673595064e+18,"RT @FatKidDeals: 38mm Apple Watch starting at $126!
*open box return with warranty!
https://t.co/llq7sEscz3 https://t.co/ybibG3r4vj",en
126,Fri Apr 30 23:59:17 +0000 2021,1.388281835231187e+18,"‚ÄúIf we don‚Äôt address poor behavior, we‚Äôre encouraging it through our inaction.‚Äù ~ Frank Sonnenberg https://t.co/h3J2B8YBJe #BookSmart",en
127,Fri Apr 30 23:59:11 +0000 2021,1.388281811093033e+18,@rina__kay Oh no! We're really sorry to hear this. You should be able to start your return or refund here:‚Ä¶ https://t.co/XXr3EHRmZ6,en
128,Fri Apr 30 23:59:04 +0000 2021,1.3882817820517376e+18,"RT @AlexHoushan: Can you pick me upüôà‚Ä¶.?
Retweet = yes
.
My Spiderman shirtüï∑üëáüèª

https://t.co/twSwA7iVyL https://t.co/z1u2dIsqHQ",en
129,Fri Apr 30 23:59:00 +0000 2021,1.3882817646117724e+18,"Grab a 2 pack of LED Ring Lights, get it for $25!
    
Save 45% with promo code 45FUL421

https://t.co/9BQ17Ss9Uk",en
130,Fri Apr 30 23:58:54 +0000 2021,1.3882817415599268e+18,"RT @PS5only: Sonos Playbar Black
Works with PS5 &amp; PS5 via TV $724.99
üá∫üá∏ Amazon USA https://t.co/ccr0zhnP7p https://t.co/MVEJ0M7v0I",en
131,Fri Apr 30 23:58:39 +0000 2021,1.3882816771102597e+18,RT @adventurewmike: Earthquakes cross the plains in waves. Infrastructure destroyed. Families forced to leave their homes. Beware of the he‚Ä¶,en
132,Fri Apr 30 23:58:33 +0000 2021,1.3882816518982246e+18,"RT @bkj1608: ‚ÄúIncredibly good.  Roderick is an exceptionally good example of what a strong laird should be.‚Äù~ Heidi Karpen ‚Äì Goodreads  
AM‚Ä¶",en
133,Fri Apr 30 23:58:31 +0000 2021,1.3882816450657034e+18,"RT @FatKidDeals: 38mm Apple Watch starting at $126!
*open box return with warranty!
https://t.co/llq7sEscz3 https://t.co/ybibG3r4vj",en
134,Fri Apr 30 23:58:25 +0000 2021,1.3882816186583327e+18,"Ôºà‚âß‚àá‚â¶ÔºâCheck out this Amazon deal: Braun Series 7- 790cc Pulsonic Shaver System,... by Braun https://t.co/K3MRDfJbfX amazon„Åï„Çì„Åã„Çâ",en
135,Fri Apr 30 23:58:24 +0000 2021,1.3882816146990449e+18,"40% offüî• code: EAMBF2A8
https://t.co/oqJDuJW2qg
Tub Drain Protector, 2PCS Bathtub
#ad  #deals #discount #offer #deal #codes #code #sale",en
136,Fri Apr 30 23:58:21 +0000 2021,1.3882816032359834e+18,"RT @TrungTPhan: Spent last 72 hours looking at European tech stocks

Here‚Äôs my recommendation on what to buy: $FB, $AMZN, $AAPL, $MSFT, $GO‚Ä¶",en
137,Fri Apr 30 23:58:17 +0000 2021,1.3882815844118856e+18,"RT @FatKidDeals: 38mm Apple Watch starting at $126!
*open box return with warranty!
https://t.co/llq7sEscz3 https://t.co/ybibG3r4vj",en
138,Thu Apr 29 19:00:02 +0000 2021,1.387844140403204e+18,"The truth won't suffice, he will have to fight for it!

Meet #VakeelSaabOnPrime now: https://t.co/N3YOfvkBDd‚Ä¶ https://t.co/nOc40hYOTn",en
139,Thu Apr 29 19:03:55 +0000 2021,1.3878451163924685e+18,"The truth won't suffice, he will have to fight for it! 
Meet #VakeelSaabOnPrime: https://t.co/9yr6J01gVt‚Ä¶ https://t.co/COC9m3uy2S",en
140,Thu Apr 29 23:59:58 +0000 2021,1.3879196222346772e+18,"RT @BrainandMoney: Q1 Revenue Growth, YoY % Change...
Tesla $TSLA: +73.6%
Apple $AAPL: +53.6%
Facebook $FB: +47.5%
Amazon $AMZN: +43.8%
Goo‚Ä¶",en
141,Thu Apr 29 23:59:57 +0000 2021,1.3879196166058926e+18,RT @FatKidDeals: Make your own Burlap Sack suit for the low ---&gt; https://t.co/Yw5vJssmAV https://t.co/SVj79zjseb,en
142,Thu Apr 29 23:59:57 +0000 2021,1.3879196165261926e+18,"RT @charliebilello: Q1 Revenue Growth, YoY % Change...
Tesla $TSLA: +73.6%
Apple $AAPL: +53.6%
Facebook $FB: +47.5%
Amazon $AMZN: +43.8%
Go‚Ä¶",en
143,Thu Apr 29 23:59:53 +0000 2021,1.387919601606951e+18,"Amazon„ÅßË≤©Â£≤‰∏≠

4/30ÊôÇÁÇπ
Airpods Pro
30,580ÂÜÜ‚û°25,680ÂÜÜ
„Åï„Çâ„Å´+10%Ôºà2,568ptÔºâ
‚û°https://t.co/PWNDUWyqTC

AirPods with Charging Cas‚Ä¶ https://t.co/L7hWQJsnEZ",en
144,Thu Apr 29 23:59:50 +0000 2021,1.3879195877488968e+18,Win $10 Amazon gift card in the #Aprilofbookshop @anajoleneauthor https://t.co/ob4e2VzVAF https://t.co/hHIPPYxuOg https://t.co/T5KFDdA7Pg,en
145,Thu Apr 29 23:59:50 +0000 2021,1.3879195871744614e+18,"RT @Vijayraj11122: Was able to close it for a 100%profit.
 
Alert + update+ chatroom üì¢üìàüíµ

$SPY $TSLA $SHOP $AMZN $NVDA $ROKU $EBAY $AMD $BB‚Ä¶",en
146,Thu Apr 29 23:59:46 +0000 2021,1.3879195703091978e+18,"RT @PaulGelb: Q1 Digital Ad Rev Growth, YoY % Change...
Pinterest $PINS: +78.3%
Snapchat $SNAP: +66.0%
Facebook $FB: +47.5%
Amazon $AMZN: +‚Ä¶",en
147,Thu Apr 29 23:59:37 +0000 2021,1.3879195338271416e+18,@CougarYankee Thank you for clarifying. We'd like to report your order to our Operations team for review. Please se‚Ä¶ https://t.co/1MSiVEWIoM,en
148,Thu Apr 29 23:59:37 +0000 2021,1.3879195308994806e+18,"Assassin's Creed Origins 

Get it here on Amazon ==&gt; https://t.co/0UwxMPObTu

#AssassinsCreed https://t.co/Lx1bMyKkXe",en
149,Thu Apr 29 23:59:34 +0000 2021,1.3879195210679747e+18,"RT @EPSGUID: $AMZN reported earnings of $15.79, consensus was $9.75, Earnings Whisper was $11.56 via @eWhispers #whisperbeat https://t.co/M‚Ä¶",en
150,Thu Apr 29 23:59:30 +0000 2021,1.387919502499664e+18,Jeff Bezos May be incredibly smart but he is not so smart not splitting his stock. $AMZN,en
151,Thu Apr 29 23:59:28 +0000 2021,1.3879194927354511e+18,"RT @FatKidDeals: 65.6ft LED Strip Light for $16!!

Save 55% with promo code 55J3TPIK 

https://t.co/6fS1snV34j https://t.co/hAPi5MdJAU",en
152,Thu Apr 29 23:59:27 +0000 2021,1.387919491892355e+18,"RT @SVC_official: The truth won't suffice, he will have to fight for it! 
Meet #VakeelSaabOnPrime: https://t.co/9yr6J01gVt
@PrimeVideoIN

@‚Ä¶",en
153,Thu Apr 29 23:59:27 +0000 2021,1.3879194899546317e+18,RT @FatKidDeals: Make your own Burlap Sack suit for the low ---&gt; https://t.co/Yw5vJssmAV https://t.co/SVj79zjseb,en
154,Thu Apr 29 23:59:21 +0000 2021,1.3879194649482895e+18,RT @NinEverything: Fujifilm Instax Mini Link for Nintendo Switch Smartphone Printer is now properly up for pre-order on Amazon https://t.co‚Ä¶,en
155,Thu Apr 29 23:59:20 +0000 2021,1.387919460279808e+18,"RT @SVC_official: The truth won't suffice, he will have to fight for it! 
Meet #VakeelSaabOnPrime: https://t.co/9yr6J01gVt
@PrimeVideoIN

@‚Ä¶",en
156,Thu Apr 29 23:59:20 +0000 2021,1.3879194592857498e+18,"Q1 Revenue Growth, YoY % Change...
Tesla $TSLA: +73.6%
Apple $AAPL: +53.6%
Facebook $FB: +47.5%
Amazon $AMZN: +43.8‚Ä¶ https://t.co/gsWLvc4SWK",en
157,Thu Apr 29 23:59:19 +0000 2021,1.3879194581030912e+18,"65.6ft LED Strip Light for $16!!

Save 55% with promo code 55J3TPIK 

https://t.co/6fS1snV34j https://t.co/hAPi5MdJAU",en
158,Thu Apr 29 23:59:19 +0000 2021,1.3879194566937518e+18,RT @JohnStCapital: Big Tech had some monster #s in 1Q w/ $AAPL $AMZN $FB $GOOGL &amp; $MSFT totaling $322B of 1Q revenue / $74.6B of 1Q NI. Giv‚Ä¶,en
159,Thu Apr 29 23:59:18 +0000 2021,1.3879194513839104e+18,"RT @jmdevlabs: Make awesome games with C# and #Unity. https://t.co/QNCaYdsG27 #Tech #100DaysOfCode #DEVCommunity #Games #CS
 #Book #Reading‚Ä¶",en
160,Thu Apr 29 23:59:14 +0000 2021,1.3879194378949304e+18,"‚ÄúWhen kids grow up, they hear their parent‚Äôs voice in their subconscious.‚Äù ~ Frank Sonnenberg https://t.co/h3J2B9gd7O #BookSmart",en
161,Thu Apr 29 23:59:14 +0000 2021,1.387919435474903e+18,"For anyone who has spent a lifetime trying to be a better person than they were the day before, Ms. Olson has writt‚Ä¶ https://t.co/ozj1v3yjG0",en
162,Thu Apr 29 23:59:11 +0000 2021,1.3879194249094185e+18,"RT @charliebilello: Q1 Revenue Growth, YoY % Change...
Tesla $TSLA: +73.6%
Apple $AAPL: +53.6%
Facebook $FB: +47.5%
Amazon $AMZN: +43.8%
Go‚Ä¶",en
163,Thu Apr 29 23:59:10 +0000 2021,1.3879194190667858e+18,"The Big Book of the Blue explores the underwater world, looking at animals in danger, learning how to spot creature‚Ä¶ https://t.co/6qcBvGnRMN",en
164,Thu Apr 29 23:59:10 +0000 2021,1.3879194186388808e+18,#romancefiction #Romantic #RomanceBooks  #romancebook #romancereader #RomanceReaders  #romancenovels‚Ä¶ https://t.co/ghgdgm9ZE5,en
165,Thu Apr 29 23:59:08 +0000 2021,1.3879194127165768e+18,"Source:https://t.co/EEmnwzsfta , Check out #BXGLOW daily cleanser and other skin products üåüüåüüåüüåüüåü https://t.co/JnjTp1Olc3",en
166,Thu Apr 29 23:59:03 +0000 2021,1.3879193912793784e+18,"RT @PrimeVideoIN: The truth won't suffice, he will have to fight for it!

Meet #VakeelSaabOnPrime now: https://t.co/N3YOfvkBDd

@PawanKalya‚Ä¶",en
167,Thu Apr 29 23:59:03 +0000 2021,1.3879193878316524e+18,"RT @AnanyaNagalla: The truth won't suffice, he will have to fight for it! 

Meet #VakeelSaabOnPrime: https://t.co/69q5miPK0x 
@PrimeVideoIN‚Ä¶",en
168,Thu Apr 29 23:59:02 +0000 2021,1.3879193865397453e+18,"RT @PrimeVideoIN: The truth won't suffice, he will have to fight for it!

Meet #VakeelSaabOnPrime now: https://t.co/N3YOfvkBDd

@PawanKalya‚Ä¶",en
169,Thu Apr 29 23:59:00 +0000 2021,1.3879193774340342e+18,"Grab a 2 pack of LED Ring Lights, get it for $25!
  
Save 45% with promo code 45FUL421

https://t.co/9BQ17Ss9Uk",en
170,Thu Apr 29 23:58:59 +0000 2021,1.3879193749175132e+18,"Winning After Losing: Building Resilient Teams
is an important book.
Learn more: https://t.co/qtsgruq4gR‚Ä¶ https://t.co/Ew5sqse04U",en
171,Thu Apr 29 23:58:55 +0000 2021,1.3879193575237345e+18,"Kenwood FP195 Compact Food Processor - Silver And Grey ¬£41.99 delivered @ Amazon [a] 

#Foodie #Foodies #food‚Ä¶ https://t.co/fNSd12fJpW",en
172,Thu Apr 29 23:58:49 +0000 2021,1.3879193318838518e+18,"RT @IHaveABook4U: If you want to learn more about our April #authorofthemonth click one of the links below.

US https://t.co/elmjrJdILk
UK‚Ä¶",en
173,,,,en
174,,,,en
175,,,,en
176,,,,en
177,Thu Apr 29 23:58:41 +0000 2021,1.3879192977465098e+18,"RT @amazonmusic: There's a new moon, @billieeilish is blonde, and she just dropped ""Your Power,"" the latest off her forthcoming album.

The‚Ä¶",en
178,Thu Apr 29 23:58:39 +0000 2021,1.387919288108036e+18,"@CNBC This #StockMarket #Bubble would be called #FAANG Bubble! 

Per #WarrenBuffett INTRINSIC VALUE formula, based‚Ä¶ https://t.co/xAa8XHPeOA",en
179,Thu Apr 29 23:58:38 +0000 2021,1.387919284425216e+18,"RT @SVC_official: The truth won't suffice, he will have to fight for it! 
Meet #VakeelSaabOnPrime: https://t.co/9yr6J01gVt
@PrimeVideoIN

@‚Ä¶",en
180,Thu Apr 29 23:58:34 +0000 2021,1.38791926967398e+18,"RT @AuthorShout: Reader Ready Award Recommended Read

https://t.co/aJWqskCJIe

@NorstromNina 

#asmsg #iartg #amreading #bookboost https://‚Ä¶",en
181,Thu Apr 29 23:58:31 +0000 2021,1.387919254784254e+18,"RT @ElleBoon1: üíöüëëüíöRoyally Targeted is here, y'all.üíöüëëüíö
üëëAmazon: https://t.co/nBu0ju69wq

#mc #mcromance  #romanticsuspense  #book-nerd #bike‚Ä¶",en
182,Mon Apr 26 17:29:13 +0000 2021,1.3867341216077455e+18,BREAKING: Traders says an @amazon stock split is likely in 2021 possibly as early as Thursday when co reports earni‚Ä¶ https://t.co/hZJPgbNJHs,en
183,Mon Apr 26 18:00:12 +0000 2021,1.386741919737426e+18,Coming soon: Pop! Marvel - Marvel Studios' The Falcon and The Winter Soldier. Pre-order all your favorites now!‚Ä¶ https://t.co/u9pPjirLGE,en
184,Wed Apr 28 23:59:57 +0000 2021,1.3875572292015596e+18,"RT @rasangarocks: Learning Python, 5th Edition

Link - https://t.co/CuTuYSOewo

#Python #100DaysOfCode #CodeNewbies #WomenWhoCode #Coding #‚Ä¶",en
185,Wed Apr 28 23:59:52 +0000 2021,1.387557209089839e+18,"‚≠ê‚≠ê‚≠ê‚≠ê‚≠ê
Blue * https://t.co/bSCbE4WGfK * 3US$      -      Yellow * https://t.co/yNqofD2Yj9 * 2UK¬£ https://t.co/JNgWgkgs7l",en
186,Wed Apr 28 23:59:50 +0000 2021,1.3875572007766794e+18,"RT @MIYU_726: „ÄêÈÖç‰ø°ÊÉÖÂ†±„ÄëRaise Your HandsÈÖç‰ø°‰∏≠ÔºÅ iTunes‚Üíhttps://t.co/PgBlnI3EB8„ÄÅAmazon MP3‚Üíhttps://t.co/BRUHtW31gk
#MIYUÂÖàÁîü #womanguitarist",en
187,Wed Apr 28 23:59:50 +0000 2021,1.3875571975305052e+18,"RT @rasangarocks: Learning Python, 5th Edition

Link - https://t.co/CuTuYSOewo

#Python #100DaysOfCode #CodeNewbies #WomenWhoCode #Coding #‚Ä¶",en
188,Wed Apr 28 23:59:50 +0000 2021,1.387557197425496e+18,@StevenFlagg I could definitely see $AMZN doing the same thing that $TSLA did when it announced the split. A purely‚Ä¶ https://t.co/jUTEoVQaux,en
189,Wed Apr 28 23:59:49 +0000 2021,1.38755719595341e+18,This is not the reason u should own $AMZN https://t.co/n7dPmGqiFp,en
190,Wed Apr 28 23:59:49 +0000 2021,1.3875571957436293e+18,"RT @FatKidDeals: Back in stock!!

The Child Animatronic Edition 

https://t.co/ppVaSfdMmI https://t.co/RNaySXO1ey",en
191,Wed Apr 28 23:59:45 +0000 2021,1.3875571772048753e+18,"RT @alicerauthor: Josh has fallen hard for the beautiful alien Melynas, but is he ready to die for a kiss? Read Space Cowboy Blues &amp; the ot‚Ä¶",en
192,Wed Apr 28 23:59:45 +0000 2021,1.387557176944726e+18,"RT @ITZYofficial: ITZY &lt;GUESS WHO&gt;

üìçTITLE TRACK ‚ÄúÎßà.Ìîº.ÏïÑ. In the morning‚Äù

üéß RELEASE
2021.04.30 FRI 1PM (KST) | 0AM (EST)

ITZY SHOP https:/‚Ä¶",en
193,Wed Apr 28 23:59:44 +0000 2021,1.3875571760429957e+18,"RT @CAASBREY: https://t.co/Y9zs8NjddU ""Murder, mystery, sexual tension. Stories that feel as though they were pulled from the pages of long‚Ä¶",en
194,Wed Apr 28 23:59:44 +0000 2021,1.3875571754390774e+18,"RT @rasangarocks: Learning Python, 5th Edition

Link - https://t.co/CuTuYSOewo

#Python #100DaysOfCode #CodeNewbies #WomenWhoCode #Coding #‚Ä¶",en
195,Wed Apr 28 23:59:41 +0000 2021,1.3875571626547282e+18,"@KatieKirman @crystalnapolit2 Today Buy your Best All Product From Here 
https://t.co/8U43XIzBCM
#shop",en
196,Wed Apr 28 23:59:41 +0000 2021,1.3875571618579538e+18,RT @Kevin_Parham14: @TheDylanMadeley Third: https://t.co/49GJpgGJPT,en
197,Wed Apr 28 23:59:38 +0000 2021,1.3875571505331773e+18,"üî• Mega-cap Tech has been on absolute fire yet another quarter!üî•

$FB $AAPL $GOOGL $MSFT all reported amazing quarte‚Ä¶ https://t.co/0i11ma2WqF",en
198,Wed Apr 28 23:59:38 +0000 2021,1.3875571489226793e+18,"""This may be the wisest, more realistic &amp; most helpful book I‚Äôve come across. I‚Äôve been a self-help book addict for‚Ä¶ https://t.co/B3HqMJWC6L",en
199,Wed Apr 28 23:59:36 +0000 2021,1.3875571390031585e+18,"RT @URDailyHistory: 28 April 1908: Oskar #Schindler, subject of  the 1993 #movie Schindler's List, is born in #Zwittau, Moravia. He is cred‚Ä¶",en
200,Wed Apr 28 23:59:34 +0000 2021,1.3875571301993472e+18,"RT @KZ_Howell: 5‚≠ê Amazon review 
An apocalyptic thriller!

The world will never be the same in Author K.Z. Howell's apocalyptic tale!

Dead‚Ä¶",en
201,Wed Apr 28 23:59:31 +0000 2021,1.3875571185894769e+18,RT @CAASBREY: https://t.co/FrTNfaSzmI I love this series so much! Great characters who remain with you long after reading the books. Wonder‚Ä¶,en
202,Wed Apr 28 23:59:30 +0000 2021,1.3875571143112827e+18,"RT @SusanneLeist: Welcome to #Canada!
The Dead are waiting for you.
Chateau Frontenac is their base.
I hope your room is to your taste.

TH‚Ä¶",en
203,Wed Apr 28 23:59:23 +0000 2021,1.3875570866037473e+18,"""Ramirez Fortnite"" by Petit-Tabouret https://t.co/6zRhodfhiq

Gear up here ==&gt; https://t.co/9jQsNaFUqP

#fortnite‚Ä¶ https://t.co/06eQkyh955",en
204,Wed Apr 28 23:59:23 +0000 2021,1.387557086293336e+18,"The 12 Terrors of Christmas
13 Horror Shorts exploring the darker side of the holiday
Get a chill in the summer hea‚Ä¶ https://t.co/P0oiPxiGBy",en
205,Wed Apr 28 23:59:20 +0000 2021,1.3875570723346227e+18,‚ÄúHaving kids is not the same as being a parent.‚Äù ~ Frank Sonnenberg https://t.co/h3J2B9gd7O #BookSmart,en
206,Wed Apr 28 23:59:18 +0000 2021,1.3875570636567142e+18,"RT @StealsandDeals: ad: $49.94 (retail is $60) 
 
Animal Crossing: New Horizons - Nintendo Switch
 
https://t.co/oimA8o8iX6
https://t.co/oi‚Ä¶",en
207,Wed Apr 28 23:59:17 +0000 2021,1.3875570615133184e+18,RT @HG_101: The Shooter Book Vol. 2 is discounted on Amazon to just over $21 if you want to grab it on the cheap! https://t.co/hojcP1eb7U,en
208,Wed Apr 28 23:59:17 +0000 2021,1.3875570607456952e+18,Here is the current in-park lodging availability for next 30 days. Don't forget your sunscreen! üëâ‚Ä¶ https://t.co/KxTWVz0tUv,en
209,Wed Apr 28 23:59:16 +0000 2021,1.3875570557336412e+18,"Source:https://t.co/R8G77yc6xG , SUPPORT #BEVEL made with BlackSkin in mind forget the  BURDEN  of HAIR-BUMPS take‚Ä¶ https://t.co/MitTIBiIWc",en
210,Wed Apr 28 23:59:16 +0000 2021,1.3875570545466819e+18,"Welcome to #Canada!
The Dead are waiting for you.
Chateau Frontenac is their base.
I hope your room is to your tast‚Ä¶ https://t.co/NP9AoX2Ec4",en
211,Wed Apr 28 23:59:14 +0000 2021,1.3875570463047107e+18,RT @ElonMuskNewsOrg: Get a free audiobook of the acclaimed biography on Elon Musk when you sign up for Audible &gt;&gt; https://t.co/jwi0R9cpFF h‚Ä¶,en
212,Wed Apr 28 23:59:11 +0000 2021,1.3875570359993262e+18,"RT @rasangarocks: Building Machine Learning Powered Applications: Going from Idea to Product 

Link - https://t.co/7PDeYoQ7Cy

#MachineLear‚Ä¶",en
213,Wed Apr 28 23:59:08 +0000 2021,1.3875570246663782e+18,"RT @CAASBREY: https://t.co/ZiZrga4Hhf Series of 6 murder mysteries, complete with explosive finale. ""Some of the best books I‚Äôve ever come‚Ä¶",en
214,Wed Apr 28 23:59:08 +0000 2021,1.3875570230725427e+18,Social Distancing - Self-Isolated  - Stressed ??? Learn how to relax with this book ‚Ä¶Stress is harmful to your Heal‚Ä¶ https://t.co/uHRBpZqvXB,en
215,Wed Apr 28 23:59:08 +0000 2021,1.3875570210089943e+18,"@MissJayKwehLin Thank you for confirming. When you have a free moment, please forward us your order details here:‚Ä¶ https://t.co/vRLiyVhbKp",en
216,Wed Apr 28 23:59:05 +0000 2021,1.3875570103427604e+18,RT @devin_salesman: How does one profit from evil?  Read the novel ‚ÄòAnd the Salesman Came to Town‚Äô and still wonder how one profits from ev‚Ä¶,en
217,Wed Apr 28 23:59:05 +0000 2021,1.3875570087616266e+18,$CRM Starting to peak out of this channel starting back in August. Watching for a move over 240 resistance for conf‚Ä¶ https://t.co/aDOOMh0udl,en
218,Wed Apr 28 23:59:00 +0000 2021,1.387556989685936e+18,"18"" Ring Light Bundle for $53.99!!

Save 46% with promo code 46RFDK421    

https://t.co/ynfkE2a0di

Seller MUST be‚Ä¶ https://t.co/x4C9MJq6Hx",en
219,Wed Apr 28 23:59:00 +0000 2021,1.387556988213764e+18,"RT @rasangarocks: Building Machine Learning Powered Applications: Going from Idea to Product 

Link - https://t.co/7PDeYoQ7Cy

#MachineLear‚Ä¶",en
220,Wed Apr 28 23:58:57 +0000 2021,1.3875569776607273e+18,"RT @KZ_Howell: The visitors arrived at the end of the last ice age. The clues they left behind have been found, and a corrupt government wi‚Ä¶",en
221,Wed Apr 28 23:58:56 +0000 2021,1.3875569719482245e+18,"üí•Skechers Work Relaxed Fit: Hobbes-Frat SR, Zapatos de Seguridad Hombre
üõí https://t.co/k5VwlyF7Vy
‚ùå ùòàùòØùòµùò¶ùò¥: 89,95‚Ç¨
‚úÖ‚Ä¶ https://t.co/75HEeut1dY",en
222,Wed Apr 28 23:58:50 +0000 2021,1.3875569485943685e+18,"RT @rasangarocks: Building Machine Learning Powered Applications: Going from Idea to Product 

Link - https://t.co/7PDeYoQ7Cy

#MachineLear‚Ä¶",en
223,Wed Apr 28 23:58:49 +0000 2021,1.3875569440057713e+18,"Misting Cooling System for 40% OFF!

Promo code: 409V51UE

https://t.co/nBRi8JjDIT

#amazonfinds #AmazonDeals‚Ä¶ https://t.co/H9rU0uNVro",en
224,Mon Apr 26 17:29:13 +0000 2021,1.3867341216077455e+18,BREAKING: Traders says an @amazon stock split is likely in 2021 possibly as early as Thursday when co reports earni‚Ä¶ https://t.co/hZJPgbNJHs,en
225,Mon Apr 26 18:00:12 +0000 2021,1.386741919737426e+18,Coming soon: Pop! Marvel - Marvel Studios' The Falcon and The Winter Soldier. Pre-order all your favorites now!‚Ä¶ https://t.co/u9pPjirLGE,en
226,Tue Apr 27 23:59:58 +0000 2021,1.3871948451822387e+18,"RT @JennyBurnley1: 5 stars: ""Thrilling #scifi adventure!""
 ZENZORIS RETURNS 
https://t.co/TmDD1eM48S  
#Kindle #ebook #fantasy https://t.co‚Ä¶",en
227,Tue Apr 27 23:59:46 +0000 2021,1.3871947947163238e+18,"RT @FatKidDeals: Get ready for Summer!!

Pop Up 10x10 Foot Canopy Tent for $68.99!
*includes warranty!!

https://t.co/4FTOA85dmn https://t.‚Ä¶",en
228,Tue Apr 27 23:59:41 +0000 2021,1.3871947731576832e+18,"RT @lilaeris_9: Looking for #scifi in a variety of lengths? I‚Äôve got you covered!

üìñNovella: werewolves on an alien planet https://t.co/4pb‚Ä¶",en
229,Tue Apr 27 23:59:40 +0000 2021,1.3871947692276326e+18,Hard to find (retail price)! Amazon has the LEGO 75290 Master Builder Series Star Wars: A New Hope Mos Eisley Canti‚Ä¶ https://t.co/oxIZv92btD,en
230,Tue Apr 27 23:59:35 +0000 2021,1.38719474883063e+18,"RT @robkhenderson: ""A tragic story is not merely a sad story. In a sad story the hero dies or fails in his enterprise...The tragic story ha‚Ä¶",en
231,Tue Apr 27 23:59:30 +0000 2021,1.3871947258375086e+18,"üî•It's Hot!
ü¶ëTURN TO ASH-OPEN LINESü¶ë
üò±Of my Essay ""HPL &amp; The Primal Origins of Late Night Radio"" a reviewer wrote-Th‚Ä¶ https://t.co/w6QVchGox5",en
232,Tue Apr 27 23:59:26 +0000 2021,1.38719470852762e+18,"RT @StealsandDeals: ad: $19.54 (45% off)

5000mAh Hand Crank Solar Weather Radio with LED Flashlight / Reading Lamp, USB Cell Phone Power C‚Ä¶",en
233,Tue Apr 27 23:59:16 +0000 2021,1.3871946690172723e+18,‚ÄúOur future is dependent on our kids. And the future of your children is dependent on you.‚Äù ~Frank Sonnenberg‚Ä¶ https://t.co/wDyXx7aHfF,en
234,Tue Apr 27 23:59:16 +0000 2021,1.3871946666181796e+18,Citizen Kane ASICS Women's Hyper-Rocketgirl SP 6 Cross Country Spike Shoe https://t.co/pC3sQwvaxe  Casemiro  Courtois  Bill Burr,en
235,Tue Apr 27 23:59:13 +0000 2021,1.3871946576255836e+18,"RT @SusanneLeist: Shine a little light
on the creatures of the night.
He comes for me,
but will he set me free?

PREY FOR THE DEAD

https:/‚Ä¶",en
236,Tue Apr 27 23:59:13 +0000 2021,1.387194654177833e+18,"Amazon Fire TV Stick: Streaming videos, music, tv shows. https://t.co/EmSqxqceSc *affiliatelink https://t.co/iD9JAIDf8u",en
237,Tue Apr 27 23:59:04 +0000 2021,1.387194619767763e+18,RT @CAASBREY: https://t.co/FrTNfaSzmI I love this series so much! Great characters who remain with you long after reading the books. Wonder‚Ä¶,en
238,Tue Apr 27 23:59:00 +0000 2021,1.3871946013589627e+18,"STEAL!!

2 pack of LED Video/Photo Lighting Kit, $22.43!!   

Save 56% with promo code 56FDUL421‚Ä¶ https://t.co/3YzN7ObVks",en
239,Tue Apr 27 23:59:00 +0000 2021,1.387194600381616e+18,"Paranormal Detectives

40% off as part of today's Deal of the Day at Amazon.

#ad https://t.co/UCXD9d5JgA
TGDrepost https://t.co/0b6TXynNrL",en
240,Tue Apr 27 23:58:52 +0000 2021,1.3871945700400333e+18,"RT @RedDogT3: Here‚Äôs some of my $amzn thoughts as many debate on Wall Street. But, I‚Äôm just a market technician that tries to use some prag‚Ä¶",en
241,Tue Apr 27 23:58:51 +0000 2021,1.3871945625866813e+18,RT @CSMcDonald7: It's #KentuckyDerby week! Celebrate the #runfortheroses with a fun whodunit from #FionaQuinnMysteries SADDLE UP FOR MURDER‚Ä¶,en
242,Tue Apr 27 23:58:50 +0000 2021,1.3871945599400223e+18,"Ôºà‚âß‚àá‚â¶ÔºâCheck out this Amazon deal: Braun Series 7- 790cc Pulsonic Shaver System,... by Braun https://t.co/K3MRDfJbfX amazon„Åï„Çì„Åã„Çâ",en
243,Tue Apr 27 23:58:40 +0000 2021,1.3871945170702705e+18,@NeuroticChic We're sorry to hear about this poor experience. A member of our Operations team would like to look in‚Ä¶ https://t.co/y8upN46HOk,en
244,Tue Apr 27 23:58:37 +0000 2021,1.3871945063202693e+18,Can‚Äôt fit in your spring clothes? A Tired Older Woman Loses Weight &amp; Keeps It Off https://t.co/Xg9Uk3JKOD #Diet‚Ä¶ https://t.co/DjH1flmTxx,en
245,Tue Apr 27 23:58:24 +0000 2021,1.387194452536488e+18,RT @bigtickHK: Assignment Russia: Becoming a Foreign Correspondent in the Crucible of the Cold War by Marvin Kalb https://t.co/1M014NgdGI h‚Ä¶,en
246,Tue Apr 27 23:58:24 +0000 2021,1.387194449571287e+18,"RT @1DannyStewart: Applying Gap Rules to 9 #stocks to help YOU into #earnings #StockNerds üëâ https://t.co/8pGRrIYBK1 Spam Free Research 

$S‚Ä¶",en
247,Tue Apr 27 23:58:22 +0000 2021,1.3871944433804984e+18,"RT @EVazquezPerez: Their legendary serenades, the last hope for the unaccompanied and brokenhearted, are sought out by those who believe in‚Ä¶",en
248,Tue Apr 27 23:58:22 +0000 2021,1.3871944423109837e+18,"RT @PS5only: ü•áPS5 Game Charts USA
Today's Best Selling PS5 Games
üá∫üá∏ Amazon USA https://t.co/e7ac2JDXBs https://t.co/nQUDsMKMwT",en
249,Tue Apr 27 23:58:19 +0000 2021,1.3871944316238643e+18,"Agents of Mayhem is now $8.56

Get it here on Amazon ==&gt; https://t.co/PLVuH7g9Lm 

Is like Fortnite but...you got m‚Ä¶ https://t.co/ksHXhFUbad",en
250,Tue Apr 27 23:58:13 +0000 2021,1.3871944052582932e+18,"RT @bigtickHK: Girl, 11 by Amy Suiter Clarke https://t.co/lBH6TCqm4h https://t.co/wtRTLqnNKY #Books #Novel #Fiction #CrimeFiction #Thriller‚Ä¶",en
251,Tue Apr 27 23:58:10 +0000 2021,1.3871943926000558e+18,"Sometimes you get a third chance - Love's Third Chance https://t.co/lKoJItfu3N Grab hold, and don‚Äôt let go! #SmTown‚Ä¶ https://t.co/69VZy288gY",en
252,Tue Apr 27 23:58:10 +0000 2021,1.3871943924824392e+18,"Check out this Amazon deal: The Art of My Neighbor Totoro: A Film by Hayao Miyazaki by Miyazaki, Hayao https://t.co/lbqJ37QnJS amazon„Çà„Çä",en
253,Tue Apr 27 23:58:08 +0000 2021,1.3871943846391726e+18,RT @bigtickHK: First Steps: How Upright Walking Made Us Human by Jeremy DeSilva https://t.co/KasxKkV4Jm https://t.co/6fRFpxpte7 #Books #Sci‚Ä¶,en
254,Tue Apr 27 23:58:04 +0000 2021,1.3871943652237025e+18,RT @bigtickHK: The First Day of Spring by Nancy Tucker https://t.co/fsm9RB2XdC https://t.co/PwGwTplY0Q #Books #Novel #Fiction #Thriller htt‚Ä¶,en
255,Tue Apr 27 23:58:04 +0000 2021,1.3871943646953882e+18,"ad: $29.99 (50% off) 
 
Galaxy Star Projector with Bluetooth Speaker
 
use code 2KBHFUZU at checkout‚Ä¶ https://t.co/oECIWyLQ75",en
